{
    "name": "Circuit Check Extension",
    "description": "",
    "dependencies": {
        "core": "*",
        "radio": "*",
        "microphone": "*"
    },
    "files": [
        "main.blocks",
        "main.ts",
        "README.md",
        "custom.ts",
        "fitness-banner.md"
    ],
    "testFiles": [
        "test.ts"
    ],
    "targetVersions": {
        "target": "4.0.18",
        "targetId": "microbit"
    },
    "supportedTargets": [
        "microbit"
    ],
    "preferredEditor": "tsprj"
}
